{"cameraMode":{"drawMode":0,"name":"Shaded","section":"Shading Mode"},"sceneLighting":true,"audioPlay":false,"sceneViewState":{"showFog":true,"showMaterialUpdate":true,"showSkybox":true,"showFlares":true,"showImageEffects":true,"showParticleSystems":true},"in2DMode":false,"pivot":{"x":295.8927917480469,"y":204.6037139892578,"z":-239.37738037109376},"rotation":{"x":-0.050476979464292529,"y":-0.08678313344717026,"z":-0.0044028423726558689,"w":0.9949378967285156},"size":567.6542358398438,"orthographic":false}