{"cameraMode":{"drawMode":0,"name":"Shaded","section":"Shading Mode"},"sceneLighting":false,"audioPlay":false,"sceneViewState":{"showFog":true,"showMaterialUpdate":true,"showSkybox":false,"showFlares":true,"showImageEffects":true,"showParticleSystems":true},"in2DMode":false,"pivot":{"x":-2.5176823139190676,"y":7.134986400604248,"z":-10.998481750488282},"rotation":{"x":0.18443416059017182,"y":0.09125442057847977,"z":-0.017201239243149759,"w":0.9784481525421143},"size":2.836318254470825,"orthographic":false}