{"cameraMode":{"drawMode":0,"name":"Shaded","section":"Shading Mode"},"sceneLighting":false,"audioPlay":false,"sceneViewState":{"showFog":true,"showMaterialUpdate":true,"showSkybox":false,"showFlares":true,"showImageEffects":true,"showParticleSystems":true},"in2DMode":false,"pivot":{"x":3.841604471206665,"y":6.0340142250061039,"z":-5.997938632965088},"rotation":{"x":0.33137744665145876,"y":-0.015570995397865773,"z":0.005469945725053549,"w":0.9433539509773254},"size":2.836318254470825,"orthographic":false}